{"cameraMode":{"drawMode":0,"name":"Shaded","section":"Shading Mode"},"sceneLighting":false,"audioPlay":false,"sceneViewState":{"showFog":true,"showMaterialUpdate":false,"showSkybox":false,"showFlares":true,"showImageEffects":true,"showParticleSystems":true},"in2DMode":false,"pivot":{"x":4.53375768661499,"y":-5.885067939758301,"z":4.727839946746826},"rotation":{"x":-0.3944254517555237,"y":-0.4220122694969177,"z":0.21109376847743989,"w":-0.7885262966156006},"size":17.630250930786134,"orthographic":false}