{"cameraMode":{"drawMode":0,"name":"Shaded","section":"Shading Mode"},"sceneLighting":false,"audioPlay":false,"sceneViewState":{"showFog":true,"showMaterialUpdate":false,"showSkybox":false,"showFlares":true,"showImageEffects":true,"showParticleSystems":true},"in2DMode":false,"pivot":{"x":-5.944999694824219,"y":3.2100000381469728,"z":-7.136721134185791},"rotation":{"x":-0.09137041121721268,"y":0.8931623101234436,"z":-0.38640296459198,"w":-0.2112000435590744},"size":12.280314445495606,"orthographic":false}