{"cameraMode":{"drawMode":0,"name":"Shaded","section":"Shading Mode"},"sceneLighting":false,"audioPlay":false,"sceneViewState":{"showFog":true,"showMaterialUpdate":false,"showSkybox":false,"showFlares":true,"showImageEffects":true,"showParticleSystems":true},"in2DMode":false,"pivot":{"x":5.391081809997559,"y":2.655911922454834,"z":-0.9780721664428711},"rotation":{"x":-0.05867241322994232,"y":0.9400582313537598,"z":-0.21101465821266175,"w":-0.2613826096057892},"size":10.173223495483399,"orthographic":false}