{"cameraMode":{"drawMode":0,"name":"Shaded","section":"Shading Mode"},"sceneLighting":false,"audioPlay":false,"sceneViewState":{"showFog":true,"showMaterialUpdate":false,"showSkybox":false,"showFlares":true,"showImageEffects":true,"showParticleSystems":true},"in2DMode":false,"pivot":{"x":3.6999998092651369,"y":0.0,"z":10.800000190734864},"rotation":{"x":0.61566561460495,"y":-0.01157301664352417,"z":0.009044709615409375,"w":0.7878706455230713},"size":2.8578834533691408,"orthographic":false}