{"cameraMode":{"drawMode":0,"name":"Shaded","section":"Shading Mode"},"sceneLighting":false,"audioPlay":false,"sceneViewState":{"showFog":true,"showMaterialUpdate":false,"showSkybox":false,"showFlares":true,"showImageEffects":true,"showParticleSystems":true},"in2DMode":false,"pivot":{"x":1.3196759223937989,"y":2.299665927886963,"z":0.9129738807678223},"rotation":{"x":0.0972447544336319,"y":-0.8912566900253296,"z":0.22834402322769166,"w":0.37955763936042788},"size":10.66355037689209,"orthographic":false}