{"cameraMode":{"drawMode":0,"name":"Shaded","section":"Shading Mode"},"sceneLighting":true,"audioPlay":false,"sceneViewState":{"showFog":true,"showMaterialUpdate":false,"showSkybox":true,"showFlares":true,"showImageEffects":true,"showParticleSystems":true},"in2DMode":false,"pivot":{"x":47.62995529174805,"y":-1.8185585737228394,"z":27.80339813232422},"rotation":{"x":0.7033176422119141,"y":0.06909406930208206,"z":-0.06901203840970993,"w":0.704136073589325},"size":258.069580078125,"orthographic":false}