{"cameraMode":{"drawMode":0,"name":"Shaded","section":"Shading Mode"},"sceneLighting":false,"audioPlay":false,"sceneViewState":{"showFog":true,"showMaterialUpdate":false,"showSkybox":false,"showFlares":true,"showImageEffects":true,"showParticleSystems":true},"in2DMode":false,"pivot":{"x":-0.791325569152832,"y":3.7800440788269045,"z":-0.37785935401916506},"rotation":{"x":0.121745266020298,"y":-0.8192299604415894,"z":0.18906183540821076,"w":0.5275377631187439},"size":11.651562690734864,"orthographic":false}